src_station,dest_stations
18th St.,19th St. Merge
19th St. Merge,18th St.
19th St. Merge,McCormick Place
McCormick Place,19th St. Merge
11th Pl. Divide,19th St. Merge
19th St. Merge,11th Pl. Divide
Ogilvie Station,Clinton St. Junction
Clinton St. Junction,Ogilvie Station
Union Station,Western Ave. Interlocking
Western Ave. Interlocking,Union Station
Glenview,North Glenview
North Glenview,Glenview
North Glenview,Northbrook
Northbrook,North Glenview
Clybourn,Irving Park
Irving Park,Clybourn
Clybourn Junction,Clybourn
Clybourn,Clybourn Junction
Clinton St. Junction,Clybourn Junction
Clybourn Junction,Clinton St. Junction
Clybourn Junction,Clybourn
Clybourn,Clybourn Junction
B-12 Junction,O'Hare
O'Hare,B-12 Junction
River Grove,B-12 Junction
B-12 Junction,River Grove
B-12 Junction,Franklin Park
Franklin Park,B-12 Junction
LaSalle St.,Gresham
Gresham,LaSalle St.
East Chicago,Gary Airport
Gary Airport,East Chicago
Gary Airport,Gary Metro
Gary Metro,Gary Airport
Gary Metro,Miller
Miller,Gary Metro
Miller,Ogden Dunes
Ogden Dunes,Miller
Ogden Dunes,Dune Park
Dune Park,Ogden Dunes
Hegewisch,Hammond
Hammond,Hegewisch
Hammond,East Chicago
East Chicago,Hammond
Hammond,East Chicago
East Chicago,Hammond
Hammond,East Chicago
East Chicago,Hammond
Geneva,La Fox
La Fox,Geneva
La Fox,Elburn
Elburn,La Fox
179th St,LAraway Road
LAraway Road,179th St
Laraway Road,Manhattan
Manhattan,Laraway Road
Crystal Lake Junction,McHenry
McHenry,Crystal Lake Junction
Richton Park,University Park
University Park,Richton Park
147th St.,Harvey
Harvey,147th St.
Calumet,Homewood
Homewood,Calumet
Olympia Fields,211th St.
211th St.,Olympia Fields
211th St.,Matteson
Matteson,211th St.
Harvey,Hazel Crest
Hazel Crest,Harvey
Hazel Crest,Calumet
Calumet,Hazel Crest
Homewood,Flossmoor
Flossmoor,Homewood
Flossmoor,Olympia Fields
Olympia Fields,Flossmoor
80th Ave.,Hickory Creek
Hickory Creek,80th Ave.
Oak Forest,Tinley Park
Tinley Park,Oak Forest
Tinley Park,80th Ave.
80th Ave.,Tinley Park
Hickory Creek,Mokena
Mokena,Hickory Creek
120th St. Junction,Riverdale
Riverdale,120th St. Junction
120th St. Junction,State St.
State St.,120th St. Junction
Midlothian,Oak Forest
Oak Forest,Midlothian
Robbins,Midlothian
Midlothian,Robbins
Western Ave. Junction,Robbins
Robbins,Western Ave. Junction
Ashland Ave.,Burr Oak
Burr Oak,Ashland Ave.
Racine Ave.,Ashland Ave.
Ashland Ave.,Racine Ave.
West Pullman,Racine Ave.
Racine Ave.,West Pullman
State St.,Stewart Ridge
Stewart Ridge,State St.
Blue Island Vermont St.,Western Ave. Junction
Western Ave. Junction,Blue Island Vermont St.
Blue Island Vermont St.,Western Ave. Junction
Western Ave. Junction,Blue Island Vermont St.
Stewart Ridge,West Pullman
West Pullman,Stewart Ridge
Riverdale,Ivanhoe
Ivanhoe,Riverdale
Ivanhoe,147th St.
147th St.,Ivanhoe
Prairie St.,Blue Island Vermont St.
Blue Island Vermont St.,Prairie St.
123rd St.,Prairie St.
Prairie St.,123rd St.
119th St.,123rd St.
123rd St.,119th St.
Palos Park,143rd St.
143rd St.,Palos Park
143rd St.,153rd St.
153rd St.,143rd St.
Lemont,Lockport
Lockport,Lemont
Wheaton,Winfield
Winfield,Wheaton
Hanover Park,Bartlett
Bartlett,Hanover Park
Schaumburg,Hanover Park
Hanover Park,Schaumburg
Winfield,West Chicago
West Chicago,Winfield
Elgin,Big Timber
Big Timber,Elgin
Hubbard Woods,Glencoe
Glencoe,Hubbard Woods
Glencoe,Braeside
Braeside,Glencoe
Ravinia,Highland Park
Highland Park,Ravinia
Highland Park,Highwood
Highwood,Highland Park
Highwood,Fort Sheridan
Fort Sheridan,Highwood
Palatine,Barrington
Barrington,Palatine
Cary,Crystal Lake Junction
Crystal Lake Junction,Cary
Fox River Grove,Cary
Cary,Fox River Grove
Fort Sheridan,Lake Forest
Lake Forest,Fort Sheridan
Lake Forest,Lake Bluff
Lake Bluff,Lake Forest
North Chicago,Waukegan
Waukegan,North Chicago
Lake Forest,Libertyville
Libertyville,Lake Forest
Grayslake,Round Lake
Round Lake,Grayslake
Round Lake,Long Lake
Long Lake,Round Lake
Crystal Lake,Woodstock
Woodstock,Crystal Lake
Zion,Winthrop Harbor
Winthrop Harbor,Zion
Waukegan,Zion
Zion,Waukegan
Ingleside,Fox Lake
Fox Lake,Ingleside
Long Lake,Ingleside
Ingleside,Long Lake
Woodstock,Harvard
Harvard,Woodstock
Libertyville,Grayslake
Grayslake,Libertyville
Crystal Lake Junction,Crystal Lake
Crystal Lake,Crystal Lake Junction
95th St.,103rd St.
103rd St.,95th St.
103rd St.,107th St.
107th St.,103rd St.
107th St.,111th St.
111th St.,107th St.
Barrington,Fox River Grove
Fox River Grove,Barrington
New Lenox,Joliet
Joliet,New Lenox
Matteson,Richton Park
Richton Park,Matteson
Mokena,New Lenox
New Lenox,Mokena
Lockport,Joliet
Joliet,Lockport
West Chicago,Geneva
Geneva,West Chicago
Burr Oak,Blue Island
Blue Island,Burr Oak
National St.,Elgin
Elgin,National St.
Bartlett,National St.
National St.,Bartlett
Great Lakes,North Chicago
North Chicago,Great Lakes
Lake Bluff,Great Lakes
Great Lakes,Lake Bluff
Ravinia Park,Ravinia
Ravinia,Ravinia Park
Braeside,Ravinia Park
Ravinia Park,Braeside
Deerfield,Lake Forest
Lake Forest,Deerfield
153rd St.,179th St.
179th St.,153rd St.
Lake Villa,Antioch
Antioch,Lake Villa
Wheeling,Buffalo Grove
Buffalo Grove,Wheeling
Buffalo Grove,Prairie View
Prairie View,Buffalo Grove
Prairie View,Vernon Hills
Vernon Hills,Prairie View
Mundelein,Prairie Crossing
Prairie Crossing,Mundelein
Round Lake Beach,Lake Villa
Lake Villa,Round Lake Beach
Prairie Crossing,Round Lake Beach
Round Lake Beach,Prairie Crossing
Lake Cook,Deerfield
Deerfield,Lake Cook
Northbrook,Lake Cook
Lake Cook,Northbrook
Vernon Hills,Mundelein
Mundelein,Vernon Hills
Winthrop Harbor,Kenosha
Kenosha,Winthrop Harbor
111th St.,Kensington
Kensington,111th St.
Kensington,Kensington Junction
Kensington Junction,Kensington
Kensington Junction,Hegewisch
Hegewisch,Kensington Junction
115th St.,119th St.
119th St.,115th St.
111th St.,115th St.
115th St.,111th St.
107th St.,111th St.
111th St.,107th St.
103rd St.,107th St.
107th St.,103rd St.
99th St.,103rd St.
103rd St.,99th St.
95th St.,95th St.
95th St.,95th St.
Longwood,Washington Heights
Washington Heights,Longwood
Worth,Palos Park
Palos Park,Worth
Oak Lawn,Chicago Ridge
Chicago Ridge,Oak Lawn
Chicago Ridge,Worth
Worth,Chicago Ridge
Willow Springs,Lemont
Lemont,Willow Springs
Grayland,Mayfair
Mayfair,Grayland
Healy,Grayland
Grayland,Healy
Pacific Junction,Healty
Healty,Pacific Junction
Clybourn,Ravenswood
Ravenswood,Clybourn
Hanson Park,Galewood
Galewood,Hanson Park
Mars,Mont Clare
Mont Clare,Mars
Mont Clare,Elmwood Park
Elmwood Park,Mont Clare
Jefferson Park,Gladstone Park
Gladstone Park,Jefferson Park
Ravenswood,Rogers Park
Rogers Park,Ravenswood
Davis St.,Central St.
Central St.,Davis St.
Edison Park,Park Ridge
Park Ridge,Edison Park
Kensington Junction,120th St. Junction
120th St. Junction,Kensington Junction
Washington Heights,Blue Island Vermont St.
Blue Island Vermont St.,Washington Heights
Deval,Prospect Heights
Prospect Heights,Deval
College Ave.,Wheaton
Wheaton,College Ave.
Pacific Junction,Hermosa
Hermosa,Pacific Junction
Hermosa,Cragin
Cragin,Hermosa
Cragin,Hanson Park
Hanson Park,Cragin
Galewood,Mars
Mars,Galewood
Gladstone Park,Norwood Park
Norwood Park,Gladstone Park
Forest Glen,Edgebrook
Edgebrook,Forest Glen
Bensenville,Wood Dale
Wood Dale,Bensenville
Mannheim,Bensenville
Bensenville,Mannheim
Berkeley,Elmhurst
Elmhurst,Berkeley
Lombard,Glen Ellyn
Glen Ellyn,Lombard
Medinah,Roselle
Roselle,Medinah
Roselle,Schaumburg
Schaumburg,Roselle
Wilmette,Kenilworth
Kenilworth,Wilmette
Indian Hill,Winnetka
Winnetka,Indian Hill
Central St.,Wilmette
Wilmette,Central St.
Park Ridge,Dee Road
Dee Road,Park Ridge
Edgebrook,Morton Grove
Morton Grove,Edgebrook
Morton Grove,Golf
Golf,Morton Grove
Golf,Glenview
Glenview,Golf
Arlington Heights,Arlington Park
Arlington Park,Arlington Heights
Arlington Park,Palatine
Palatine,Arlington Park
Mayfair,Forest Glen
Forest Glen,Mayfair
Irving Park,Jefferson Park
Jefferson Park,Irving Park
Des Plaines,Cumberland
Cumberland,Des Plaines
Elmwood Park,River Grove
River Grove,Elmwood Park
Bellwood,Berkeley
Berkeley,Bellwood
Melrose Park,Bellwood
Bellwood,Melrose Park
83rd St.,87th St.
87th St.,83rd St.
87th St.,91st St.
91st St.,87th St.
83rd St.,87th St.
87th St.,83rd St.
91st St.,95th St.
95th St.,91st St.
Gresham Junction,Brainerd
Brainerd,Gresham Junction
Gresham,Gresham Junction
Gresham Junction,Gresham
South Shore,Windsor Park
Windsor Park,South Shore
Bryn Mawr,South Shore
South Shore,Bryn Mawr
53rd St.,55th-56th-57th St.
55th-56th-57th St.,53rd St.
47th St.,53rd St.
53rd St.,47th St.
27th St.,47th St.
47th St.,27th St.
79th St.,83rd St.
83rd St.,79th St.
67th St. Junction,75th Street
75th Street,67th St. Junction
55th-56th-57th St.,59th St.
59th St.,55th-56th-57th St.
Wrightwood,Ashburn
Ashburn,Wrightwood
Elmhurst,Villa Park
Villa Park,Elmhurst
Villa Park,Lombard
Lombard,Villa Park
Glen Ellyn,College Ave.
College Ave.,Glen Ellyn
Wood Dale,Itasca
Itasca,Wood Dale
Rogers Park,Main St.
Main St.,Rogers Park
Kenilworth,Indian Hill
Indian Hill,Kenilworth
Winnetka,Hubbard Woods
Hubbard Woods,Winnetka
Norwood Park,Edison Park
Edison Park,Norwood Park
Dee Road,Des Plaines
Des Plaines,Dee Road
Cumberland,Mount Prospect
Mount Prospect,Cumberland
O'Hare,Deval
Deval,O'Hare
Clinton St. Junction,Western Ave. Interlocking
Western Ave. Interlocking,Clinton St. Junction
87th St.,91st St.
91st St.,87th St.
Brainerd,91st St.
91st St.,Brainerd
Gresham Junction,Longwood
Longwood,Gresham Junction
Asburn,Oak Lawn
Oak Lawn,Asburn
Cheltenham,83rd St.
83rd St.,Cheltenham
Windsor Park,Cheltenham
Cheltenham,Windsor Park
67th St. Junction,Bryn Mawr
Bryn Mawr,67th St. Junction
Stony Island,Bryn Mawr
Bryn Mawr,Stony Island
63rd St.,67th St. Junction
67th St. Junction,63rd St.
McCormick Place,27th St.
27th St.,McCormick Place
75th St.,79th St.
79th St.,75th St.
Wrightwood,21st St. Interlocking
21st St. Interlocking,Wrightwood
Western Ave.,Pacific Junction
Pacific Junction,Western Ave.
Western Ave. Interlocking,Western Ave.
Western Ave.,Western Ave. Interlocking
Kedzie,Oak Park
Oak Park,Kedzie
Oak Park,River Forest
River Forest,Oak Park
River Forest,Maywood
Maywood,River Forest
Franklin Park,Mannheim
Mannheim,Franklin Park
Itasca,Medinah
Medinah,Itasca
Main St.,Davis St.
Davis St.,Main St.
Mount Prospect,Arlington Heights
Arlington Heights,Mount Prospect
16th St. Junction,21st St. Interlocking
21st St. Interlocking,16th St. Junction
Prospect Heights,Wheeling
Wheeling,Prospect Heights
Union Station,16th St. Junction
16th St. Junction,Union Station
59th St.,63rd St.
63rd St.,59th St.
Summit,Willow Springs
Willow Springs,Summit
Western Ave. Interlocking,Kedzie
Kedzie,Western Ave. Interlocking
Maywood,Melrose Park
Melrose Park,Maywood
21st St. Interlocking,Summit
Summit,21st St. Interlocking
91st St.,95th St.
95th St.,91st St.
Westmont,Fairview Ave.
Fairview Ave.,Westmont
Fairview Avenue,Main St.
Main St.,Fairview Avenue
Main St.,Belmont
Belmont,Main St.
Belmont,Lisle
Lisle,Belmont
Riverside,Hollywood
Hollywood,Riverside
Hollywood,Brookfield
Brookfield,Hollywood
Brookfield,Congress Park
Congress Park,Brookfield
Congress Park,LaGrange Rd.
LaGrange Rd.,Congress Park
LaGrange Rd.,Stone Ave.
Stone Ave.,LaGrange Rd.
Stone Ave.,Western Springs
Western Springs,Stone Ave.
Western Springs,Highlands
Highlands,Western Springs
Highlands,Hinsdale
Hinsdale,Highlands
Hinsdale,West Hinsdale
West Hinsdale,Hinsdale
West Hinsdale,Clarendon Hills
Clarendon Hills,West Hinsdale
16th St. Junction,Halsted
Halsted,16th St. Junction
Clarendon Hills,Westmont
Westmont,Clarendon Hills
Halsted St.,Western Ave.
Western Ave.,Halsted St.
Western Ave.,Cicero
Cicero,Western Ave.
Clyde,LaVergne
LaVergne,Clyde
LaVergne,Berwyn
Berwyn,LaVergne
Berwyn,Harlem Ave.
Harlem Ave.,Berwyn
Harlem Ave.,Riverside
Riverside,Harlem Ave.
Cicero,Clyde
Clyde,Cicero
Lisle,Naperville
Naperville,Lisle
Naperville,Route 59
Route 59,Naperville
Route 59,Aurora
Aurora,Route 59
Randolph St.,Van Buren St.
Van Buren St.,Randolph St.
Van Buren St.,Roosevelt Rd.
Roosevelt Rd.,Van Buren St.
Roosevelt Rd.,11th Pl. Divide
11th Pl. Divide,Roosevelt Rd.
11th Pl. Divide,18th St.
18th St.,11th Pl. Divide
