src_station,dest_stations
Tower 12,Library
Library,Tower 12
Subway Portal B,Sedgwick
Sedgwick,Subway Portal B
Oakton-Skokie,Howard
Howard,Oakton-Skokie
Washington/Wabash,Adams/Wabash
Adams/Wabash,Washington/Wabash
State/Lake,Washington/Wabash
Washington/Wabash,State/Lake
Clark/Lake,State/Lake
State/Lake,Clark/Lake
Kedzie-Ravenswood,Francisco
Francisco,Kedzie-Ravenswood
Rockwell,Western-Ravenswood
Western-Ravenswood,Rockwell
Damen-Ravenswood,Montrose-Ravenswood
Montrose-Ravenswood,Damen-Ravenswood
Addison-Ravenswood,Paulina
Paulina,Addison-Ravenswood
Paulina,Southport
Southport,Paulina
Harlem-Lake,Oak Park-Lake
Oak Park-Lake,Harlem-Lake
Austin-Lake,Central-Lake
Central-Lake,Austin-Lake
Laramie,Cicero-Lake
Cicero-Lake,Laramie
Pulaski-Lake,Conservatory-Central Park
Conservatory-Central Park,Pulaski-Lake
Conservatory-Central Park,Kedzie-Lake
Kedzie-Lake,Conservatory-Central Park
Cottage Grove,King Drive
King Drive,Cottage Grove
Garfield-South Elevated,51st
51st,Garfield-South Elevated
47th-South Elevated,43rd
43rd,47th-South Elevated
Indiana,35-Bronzeville-IIT
35-Bronzeville-IIT,Indiana
Midway Airport,Pulaski-Midway
Pulaski-Midway,Midway Airport
Monroe/State,Jackson/State
Jackson/State,Monroe/State
Lake/State,Monroe/State
Monroe/State,Lake/State
Pulaski-Congress,Kedzie-Homan
Kedzie-Homan,Pulaski-Congress
Illinois Medical District,Loomis Junction
Loomis Junction,Illinois Medical District
Rosemont,Cumberland
Cumberland,Rosemont
95/Dan Ryan,87th
87th,95/Dan Ryan
87th,79th
79th,87th
69th,63rd-Dan Ryan
63rd-Dan Ryan,69th
Damen/Milwaukee,Division/Milwaukee
Division/Milwaukee,Damen/Milwaukee
California/Milwaukee,Western/Milwaukee
Western/Milwaukee,California/Milwaukee
Irving Park-O'Hare,Addison-O'Hare
Addison-O'Hare,Irving Park-O'Hare
Montrose-O'Hare,Irving Park-O'Hare
Irving Park-O'Hare,Montrose-O'Hare
47th-Dan Ryan,Sox-35th-Dan Ryan
Sox-35th-Dan Ryan,47th-Dan Ryan
Forest Park,Harlem-Congress
Harlem-Congress,Forest Park
Grand/Milwaukee,Clark/Lake
Clark/Lake,Grand/Milwaukee
UIC-Halsted,Clinton-Congress
Clinton-Congress,UIC-Halsted
Cermak-Chinatown,Roosevelt/State
Roosevelt/State,Cermak-Chinatown
Lawrence,Wilson
Wilson,Lawrence
Sheridan,Addison-North Main
Addison-North Main,Sheridan
Clark Junction,Belmont-North Main
Belmont-North Main,Clark Junction
Diversey,Fullerton
Fullerton,Diversey
Howard,Jarvis
Jarvis,Howard
Loyola,Granville
Granville,Loyola
Bryn Mawr,Berwyn
Berwyn,Bryn Mawr
Chicago/State,Grand/State
Grand/State,Chicago/State
North/Clybourn,Clark/Division
Clark/Division,North/Clybourn
Subway Portal B,North/Clybourn
North/Clybourn,Subway Portal B
Jarvis,Morse
Morse,Jarvis
Granville,Thorndale
Thorndale,Granville
Argyle,Lawrence
Lawrence,Argyle
Wellington,Diversey
Diversey,Wellington
Noyes,Foster
Foster,Noyes
Dempster,Main
Main,Dempster
South Blvd.,Howard
Howard,South Blvd.
Pulaski-Midway,Kedzie-Midway
Kedzie-Midway,Pulaski-Midway
Western-Midway,35th/Archer
35th/Archer,Western-Midway
35th/Archer,Ashland-Midway
Ashland-Midway,35th/Archer
Ashland-Lake,Morgan
Morgan,Ashland-Lake
Roosevelt/Wabash,Tower 12
Tower 12,Roosevelt/Wabash
California-Lake,Paulina Junction
Paulina Junction,California-Lake
Clinton-Lake,Tower 18
Tower 18,Clinton-Lake
18th,Polk
Polk,18th
California-Douglas,Western-Douglas
Western-Douglas,California-Douglas
Kedzie-Douglas,California-Douglas
California-Douglas,Kedzie-Douglas
Pulaski-Douglas,Central Park
Central Park,Pulaski-Douglas
Library,LaSalle/Van Buren
LaSalle/Van Buren,Library
Merchandise Mart,Tower 18
Tower 18,Merchandise Mart
Washington/Wells,Tower 18
Tower 18,Washington/Wells
Kimball,Kedzie-Ravenswood
Kedzie-Ravenswood,Kimball
Francisco,Rockwell
Rockwell,Francisco
Irving Park-Ravenswood,Addison-Ravenswood
Addison-Ravenswood,Irving Park-Ravenswood
Southport,Clark Junction
Clark Junction,Southport
Oak Park-Lake,Ridgeland
Ridgeland,Oak Park-Lake
Central-Lake,Laramie
Laramie,Central-Lake
Kedzie-Lake,California-Lake
California-Lake,Kedzie-Lake
King Drive,59th Junction
59th Junction,King Drive
Ashland/63rd,Halsted/63rd
Halsted/63rd,Ashland/63rd
51st,47th-South Elevated
47th-South Elevated,51st
17th Junction,Roosevelt/Wabash
Roosevelt/Wabash,17th Junction
Kedzie-Midway,Western-Midway
Western-Midway,Kedzie-Midway
Ashland-Midway,Halsted-Midway
Halsted-Midway,Ashland-Midway
Halsted-Midway,17th Junction
17th Junction,Halsted-Midway
Paulina Junction,Ashland-Lake
Ashland-Lake,Paulina Junction
Damen,18th
18th,Damen
Central Park,Kedzie-Douglas
Kedzie-Douglas,Central Park
Kostner,Pulaski-Douglas
Pulaski-Douglas,Kostner
Paulina Junction,Polk
Polk,Paulina Junction
Cicero-Douglas,Kostner
Kostner,Cicero-Douglas
54/Cermak,Cicero-Douglas
Cicero-Douglas,54/Cermak
Austin-Congress,Cicero-Congress
Cicero-Congress,Austin-Congress
Wilson,Sheridan
Sheridan,Wilson
Central-Evanston,Noyes
Noyes,Central-Evanston
Berwyn,Argyle
Argyle,Berwyn
Chicago/Franklin,Merchandise Mart
Merchandise Mart,Chicago/Franklin
Main,South Blvd.
South Blvd.,Main
Morse,Loyola
Loyola,Morse
Kedzie-Homan,Western-Congress
Western-Congress,Kedzie-Homan
Western-Ravenswood,Damen-Ravenswood
Damen-Ravenswood,Western-Ravenswood
Montrose-Ravenswood,Irving Park-Ravenswood
Irving Park-Ravenswood,Montrose-Ravenswood
Ridgeland,Austin-Lake
Austin-Lake,Ridgeland
Cicero-Lake,Pulaski-Lake
Pulaski-Lake,Cicero-Lake
Division/Milwaukee,Chicago/Milwaukee
Chicago/Milwaukee,Division/Milwaukee
Harlem-O'Hare,Jefferson Park
Jefferson Park,Harlem-O'Hare
Jefferson Park,Montrose-O'Hare
Montrose-O'Hare,Jefferson Park
Halsted/63rd,59th Junction
59th Junction,Halsted/63rd
43rd,Indiana
Indiana,43rd
O'Hare Airport,Subway Portal A
Subway Portal A,O'Hare Airport
Subway Portal A,Rosemont
Rosemont,Subway Portal A
Western-Douglas,Damen
Damen,Western-Douglas
Oak Park-Congress,Austin-Congress
Austin-Congress,Oak Park-Congress
Western-Congress,Illinois Medical District
Illinois Medical District,Western-Congress
Jackson/Dearborn,Monroe/Dearborn
Monroe/Dearborn,Jackson/Dearborn
Harlem-Congress,Oak Park-Congress
Oak Park-Congress,Harlem-Congress
Washington/Dearborn,Monroe/Dearborn
Monroe/Dearborn,Washington/Dearborn
Clark/Lake,Washington/Dearborn
Washington/Dearborn,Clark/Lake
Jackson/State,Harrison
Harrison,Jackson/State
Cicero-Congress,Pulaski-Congress
Pulaski-Congress,Cicero-Congress
Loomis Junction,Racine
Racine,Loomis Junction
Addison-O'Hare,Belmont-O'Hare
Belmont-O'Hare,Addison-O'Hare
79th,69th
69th,79th
Chicago/Milwaukee,Grand/Milwaukee
Grand/Milwaukee,Chicago/Milwaukee
Western/Milwaukee,Damen/Milwaukee
Damen/Milwaukee,Western/Milwaukee
63rd-Dan Ryan,Garfield-Dan Ryan
Garfield-Dan Ryan,63rd-Dan Ryan
Roosevelt/State,Harrison
Harrison,Roosevelt/State
Racine,UIC-Halsted
UIC-Halsted,Racine
Clinton-Congress,LaSalle
LaSalle,Clinton-Congress
Addison-North Main,Clark Junction
Clark Junction,Addison-North Main
Belmont-North Main,Wellington
Wellington,Belmont-North Main
Fullerton,Armitage
Armitage,Fullerton
Thorndale,Bryn Mawr
Bryn Mawr,Thorndale
Armitage,Subway Portal B
Subway Portal B,Armitage
Clark/Division,Chicago/State
Chicago/State,Clark/Division
Grand/State,Lake/State
Lake/State,Grand/State
Davis,Dempster
Dempster,Davis
Linden,Central-Evanston
Central-Evanston,Linden
Tower 18,Clark/Lake
Clark/Lake,Tower 18
Foster,Davis
Davis,Foster
Sedgwick,Chicago/Franklin
Chicago/Franklin,Sedgwick
Adams/Wabash,Tower 12
Tower 12,Adams/Wabash
LaSalle/Van Buren,Quincy/Wells
Quincy/Wells,LaSalle/Van Buren
Quincy/Wells,Washington/Wells
Washington/Wells,Quincy/Wells
Cumberland,Harlem-O'Hare
Harlem-O'Hare,Cumberland
Garfield-Dan Ryan,47th-Dan Ryan
47th-Dan Ryan,Garfield-Dan Ryan
Belmont-O'Hare,Logan Square
Logan Square,Belmont-O'Hare
Sox-35th-Dan Ryan,Cermak-Chinatown
Cermak-Chinatown,Sox-35th-Dan Ryan
Jackson/Dearborn,LaSalle
LaSalle,Jackson/Dearborn
Dempster-Skokie,Oakton-Skokie
Oakton-Skokie,Dempster-Skokie
Morgan,Clinton-Lake
Clinton-Lake,Morgan
Cermak-McCormick Place,17th Junction
17th Junction,Cermak-McCormick Place
35-Bronzeville-IIT,Cermak-McCormick Place
Cermak-McCormick Place,35-Bronzeville-IIT
59th Junction,Garfield-South Elevated
Garfield-South Elevated,59th Junction
Logan Square,California/Milwaukee
California/Milwaukee,Logan Square
